And,2.097083,29.090556,9.832083,30.860833
And,4.582083,36.785278,9.220417,33.719444
And,4.582083,36.785278,354.534167,43.268056
And,9.220417,33.719444,9.832083,30.860833
And,9.220417,33.719444,17.432917,35.620556
And,9.63875,29.311667,9.832083,30.860833
And,9.63875,29.311667,11.834583,24.267222
And,9.832083,30.860833,17.432917,35.620556
And,11.834583,24.267222,14.301667,23.4175
And,12.453333,41.078889,14.188333,38.499444
And,12.453333,41.078889,17.375833,47.241944
And,14.188333,38.499444,17.432917,35.620556
And,17.375833,47.241944,24.498333,48.628333
And,17.432917,35.620556,30.977917,42.330833
And,345.480417,42.326111,354.534167,43.268056
And,354.39125,46.458056,355.102083,44.333889
And,354.534167,43.268056,355.102083,44.333889
Ant,142.31125,-35.951389,156.787917,-31.067778
Ant,156.787917,-31.067778,164.179583,-37.137778
Aps,221.965,-79.044722,245.086667,-78.695833
Aps,245.086667,-78.695833,248.3625,-78.897222
Aps,245.086667,-78.695833,250.769167,-77.5175
Aps,248.3625,-78.897222,250.769167,-77.5175
Aql,284.905833,15.068333,286.3525,13.863333
Aql,285.42,-5.738889,286.562083,-4.8825
Aql,286.3525,13.863333,286.562083,-4.8825
Aql,286.3525,13.863333,291.374583,3.114722
Aql,286.562083,-4.8825,291.374583,3.114722
Aql,286.562083,-4.8825,294.180417,-1.286389
Aql,291.374583,3.114722,296.565,10.613333
Aql,291.374583,3.114722,298.118333,1.005556
Aql,294.180417,-1.286389,302.82625,-0.821389
Aql,296.565,10.613333,297.695833,8.868333
Aql,297.695833,8.868333,298.828333,6.406667
Aql,298.118333,1.005556,302.82625,-0.821389
Aqr,311.919167,-9.495833,313.163333,-8.983333
Aqr,313.163333,-8.983333,322.889583,-5.571111
Aqr,322.889583,-5.571111,331.445833,-0.319722
Aqr,322.889583,-5.571111,331.609167,-13.869722
Aqr,331.445833,-0.319722,334.208333,-7.783333
Aqr,331.445833,-0.319722,335.414167,-1.387222
Aqr,331.445833,-0.319722,336.319167,1.3775
Aqr,334.208333,-7.783333,343.15375,-7.579722
Aqr,335.414167,-1.387222,337.207083,-0.020278
Aqr,336.319167,1.3775,337.207083,-0.020278
Aqr,337.207083,-0.020278,338.839167,-0.1175
Aqr,342.397917,-13.5925,343.15375,-7.579722
Aqr,342.397917,-13.5925,343.6625,-15.820833
Aqr,343.15375,-7.579722,348.580833,-6.048889
Aqr,343.6625,-15.820833,349.475833,-9.1825
Aqr,348.580833,-6.048889,349.475833,-9.1825
Aqr,349.475833,-9.1825,350.7425,-20.100556
Ara,252.44625,-59.041389,254.655,-55.990278
Ara,252.44625,-59.041389,262.774583,-60.683889
Ara,254.655,-55.990278,254.89625,-53.160556
Ara,254.89625,-53.160556,262.960417,-49.876111
Ara,261.325,-55.53,261.348333,-56.3775
Ara,261.325,-55.53,262.960417,-49.876111
Ara,261.348333,-56.3775,262.774583,-60.683889
Ara,262.960417,-49.876111,271.657917,-50.091667
Ari,28.3825,19.293611,28.66,20.808056
Ari,28.66,20.808056,31.793333,23.4625
Ari,31.793333,23.4625,42.495833,27.260556
Aur,74.248333,33.166111,76.62875,41.234444
Aur,74.248333,33.166111,81.572917,28.6075
Aur,75.492083,43.823333,75.619583,41.075833
Aur,75.492083,43.823333,79.1725,45.998056
Aur,76.62875,41.234444,79.1725,45.998056
Aur,79.1725,45.998056,89.882083,44.9475
Aur,81.572917,28.6075,89.930417,37.2125
Aur,89.881667,54.284722,89.882083,44.9475
Aur,89.882083,44.9475,89.930417,37.2125
Boo,208.67125,18.397778,213.915417,19.1825
Boo,213.370833,51.790278,214.095833,46.088333
Boo,213.370833,51.790278,216.299167,51.850833
Boo,213.915417,19.1825,217.9575,30.371389
Boo,213.915417,19.1825,220.287083,13.728333
Boo,213.915417,19.1825,221.246667,27.074167
Boo,214.095833,46.088333,216.299167,51.850833
Boo,214.095833,46.088333,218.019583,38.308333
Boo,217.9575,30.371389,218.019583,38.308333
Boo,218.019583,38.308333,225.486667,40.390556
Boo,221.246667,27.074167,228.875833,33.314722
Boo,225.486667,40.390556,228.875833,33.314722
CMa,95.675,-17.955833,99.170833,-19.255833
CMa,95.675,-17.955833,101.287083,-16.716111
CMa,99.170833,-19.255833,103.532917,-24.183889
CMa,101.287083,-16.716111,104.034167,-17.054167
CMa,101.287083,-16.716111,105.75625,-23.833333
CMa,103.5475,-12.038611,104.034167,-17.054167
CMa,103.5475,-12.038611,105.939583,-15.633333
CMa,103.532917,-24.183889,104.65625,-28.972222
CMa,104.034167,-17.054167,105.939583,-15.633333
CMa,104.65625,-28.972222,107.097917,-26.393333
CMa,105.75625,-23.833333,107.097917,-26.393333
CMa,107.097917,-26.393333,111.02375,-29.303056
CMi,111.7875,8.289444,114.825417,5.225
CVn,188.435417,41.3575,194.007083,38.318333
Cae,67.70875,-44.953889,70.140417,-41.863889
Cae,70.140417,-41.863889,70.514583,-37.144444
Cae,70.514583,-37.144444,76.101667,-35.483333
Cam,52.267083,59.940278,57.38,65.526111
Cam,57.589583,71.332222,57.38,65.526111
Cam,57.589583,71.332222,73.5125,66.342778
Cam,73.5125,66.342778,75.854583,60.442222
Cam,74.321667,53.752222,75.854583,60.442222
Cam,75.854583,60.442222,94.711667,69.319722
Cam,94.711667,69.319722,105.016667,76.9775
Cap,304.412083,-12.508333,305.252917,-14.781389
Cap,304.412083,-12.508333,316.486667,-17.232778
Cap,305.252917,-14.781389,311.52375,-25.270833
Cap,311.52375,-25.270833,312.955417,-26.919167
Cap,312.955417,-26.919167,321.666667,-22.411389
Cap,316.486667,-17.232778,325.022917,-16.662222
Cap,321.666667,-22.411389,325.022917,-16.662222
Cap,325.022917,-16.662222,326.76,-16.127222
Car,95.987917,-52.695833,138.3,-69.717222
Car,119.194583,-52.982222,122.372083,-47.345833
Car,119.194583,-52.982222,125.628333,-59.509722
Car,125.628333,-59.509722,139.2725,-59.275278
Car,131.175833,-54.708333,139.2725,-59.275278
Car,138.3,-69.717222,153.434167,-70.038056
Car,139.2725,-59.275278,154.270833,-61.332222
Car,153.434167,-70.038056,160.739167,-64.394444
Car,154.270833,-61.332222,158.005833,-61.685278
Car,158.005833,-61.685278,160.739167,-64.394444
Car,158.005833,-61.685278,161.265,-59.684167
Car,160.739167,-64.394444,166.635,-62.424167
Car,161.265,-59.684167,163.373333,-58.853333
Car,163.373333,-58.853333,168.15,-60.3175
Car,166.635,-62.424167,167.141667,-61.947222
Car,167.141667,-61.947222,168.15,-60.3175
Cas,2.294583,59.149722,10.127083,56.537222
Cas,10.127083,56.537222,14.177083,60.716667
Cas,14.177083,60.716667,21.454167,60.235278
Cas,21.454167,60.235278,28.59875,63.67
Cen,170.251667,-54.491111,182.089583,-50.7225
Cen,172.942083,-59.442222,182.912917,-52.368611
Cen,182.089583,-50.7225,187.01,-50.230556
Cen,182.912917,-52.368611,187.01,-50.230556
Cen,187.01,-50.230556,190.379167,-48.959722
Cen,189.96875,-39.9875,200.149167,-36.712222
Cen,190.379167,-48.959722,204.971667,-53.466389
Cen,190.379167,-48.959722,208.885,-47.288333
Cen,200.149167,-36.712222,202.76125,-39.4075
Cen,202.76125,-39.4075,207.37625,-41.687778
Cen,204.971667,-53.466389,208.885,-47.288333
Cen,204.971667,-53.466389,210.955833,-60.373056
Cen,207.37625,-41.687778,207.404167,-42.473889
Cen,207.37625,-41.687778,211.670833,-36.37
Cen,207.404167,-42.473889,208.885,-47.288333
Cen,208.885,-47.288333,209.67,-44.803611
Cen,209.567917,-42.100833,209.67,-44.803611
Cen,209.567917,-42.100833,211.511667,-41.179722
Cen,209.567917,-42.100833,218.876667,-42.157778
Cen,210.955833,-60.373056,219.899583,-60.835278
Cen,211.511667,-41.179722,215.139167,-37.885278
Cen,211.670833,-36.37,215.139167,-37.885278
Cen,218.876667,-42.157778,224.790417,-42.104167
Cep,307.395417,62.994167,311.3225,61.838889
Cep,311.3225,61.838889,319.645,62.585556
Cep,319.645,62.585556,322.165,70.560833
Cep,319.645,62.585556,325.876667,58.78
Cep,322.165,70.560833,342.42,66.200556
Cep,322.165,70.560833,354.836667,77.6325
Cep,325.876667,58.78,333.758333,57.043611
Cep,332.71375,58.201111,333.758333,57.043611
Cep,332.71375,58.201111,337.292917,58.415278
Cep,337.292917,58.415278,342.42,66.200556
Cep,342.42,66.200556,354.836667,77.6325
Cet,4.857083,-8.823889,10.8975,-17.986667
Cet,4.857083,-8.823889,17.1475,-10.182222
Cet,10.8975,-17.986667,26.017083,-15.9375
Cet,17.1475,-10.182222,21.005833,-8.183333
Cet,21.005833,-8.183333,27.865,-10.335
Cet,26.017083,-15.9375,27.865,-10.335
Cet,27.865,-10.335,34.83625,-2.9775
Cet,34.83625,-2.9775,39.870833,0.328611
Cet,37.039583,8.46,40.825,3.235833
Cet,37.039583,8.46,41.235417,10.114167
Cet,39.870833,0.328611,40.825,3.235833
Cet,40.825,3.235833,45.57,4.089722
Cet,41.235417,10.114167,44.92875,8.9075
Cet,44.92875,8.9075,45.57,4.089722
Cha,124.631667,-76.919722,158.867083,-78.607778
Cha,158.867083,-78.607778,161.315417,-80.469722
Cha,158.867083,-78.607778,179.905417,-78.221944
Cha,161.315417,-80.469722,184.58625,-79.312222
Cha,179.905417,-78.221944,184.58625,-79.312222
Cir,220.626667,-64.975278,229.378333,-58.801111
Cir,220.626667,-64.975278,230.844583,-59.320833
Cnc,124.12875,9.185556,131.17125,18.154167
Cnc,130.82125,21.468611,131.17125,18.154167
Cnc,130.82125,21.468611,131.674167,28.76
Cnc,131.17125,18.154167,134.621667,11.857778
Col,79.37125,-34.895278,84.912083,-34.074167
Col,84.912083,-34.074167,87.74,-35.768333
Col,87.74,-35.768333,89.384167,-35.283333
Col,87.74,-35.768333,89.786667,-42.815278
Col,89.384167,-35.283333,94.137917,-35.140556
Col,94.137917,-35.140556,95.528333,-33.436389
Com,186.734583,28.268333,197.968333,27.878056
Com,197.497083,17.529444,197.968333,27.878056
CrB,231.957083,29.105833,233.2325,31.359167
CrB,231.957083,29.105833,233.672083,26.714722
CrB,233.672083,26.714722,235.685833,26.295556
CrB,235.685833,26.295556,237.39875,26.068333
CrB,237.39875,26.068333,239.397083,26.877778
CrB,239.397083,26.877778,240.360833,29.851111
Cra,278.375833,-42.3125,287.087083,-40.496667
Cra,286.604583,-37.063333,287.367917,-37.904444
Cra,287.087083,-40.496667,287.507083,-39.340833
Cra,287.367917,-37.904444,287.507083,-39.340833
Crt,164.94375,-18.298889,167.914583,-22.825833
Crt,164.94375,-18.298889,169.835417,-14.778611
Crt,167.914583,-22.825833,171.220417,-17.683889
Crt,169.835417,-14.778611,171.1525,-10.859444
Crt,169.835417,-14.778611,171.220417,-17.683889
Crt,171.1525,-10.859444,174.170417,-9.802222
Crt,171.220417,-17.683889,176.190833,-18.350833
Crt,176.190833,-18.350833,179.00375,-17.150833
Cru,183.78625,-58.748889,191.93,-59.688611
Cru,186.649583,-63.099167,187.79125,-57.113333
Crv,182.103333,-24.728889,182.53125,-22.619722
Crv,182.53125,-22.619722,183.951667,-17.541944
Crv,182.53125,-22.619722,188.596667,-23.396667
Crv,183.951667,-17.541944,187.46625,-16.515556
Crv,187.46625,-16.515556,188.596667,-23.396667
Cyg,289.275833,53.368611,292.42625,51.729722
Cyg,292.680417,27.959722,299.076667,35.083333
Cyg,292.42625,51.729722,296.24375,45.130833
Cyg,292.42625,51.729722,303.867917,47.714444
Cyg,296.24375,45.130833,305.557083,40.256667
Cyg,299.076667,35.083333,305.557083,40.256667
Cyg,303.867917,47.714444,310.357917,45.280278
Cyg,305.557083,40.256667,310.357917,45.280278
Cyg,305.557083,40.256667,311.552917,33.970278
Cyg,310.357917,45.280278,314.293333,41.167222
Cyg,311.552917,33.970278,318.234167,30.226944
Cyg,314.293333,41.167222,318.234167,30.226944
Del,308.303333,11.303333,309.3875,14.595278
Del,309.3875,14.595278,309.909583,15.911944
Del,309.3875,14.595278,310.864583,15.074444
Del,309.909583,15.911944,311.664583,16.124167
Del,310.864583,15.074444,311.664583,16.124167
Dor,64.006667,-51.486667,68.499167,-55.045
Dor,68.499167,-55.045,76.3775,-57.472778
Dor,68.499167,-55.045,83.40625,-62.489722
Dor,76.3775,-57.472778,83.40625,-62.489722
Dor,83.40625,-62.489722,86.193333,-65.735556
Dor,83.40625,-62.489722,88.525417,-63.09
Dor,86.193333,-65.735556,88.525417,-63.09
Dra,172.850833,69.331111,188.370833,69.788333
Dra,188.370833,69.788333,211.097083,64.375833
Dra,211.097083,64.375833,231.2325,58.966111
Dra,231.2325,58.966111,240.472083,58.565278
Dra,240.472083,58.565278,245.997917,61.514167
Dra,245.997917,61.514167,257.196667,65.714722
Dra,257.196667,65.714722,275.189583,71.337778
Dra,262.608333,52.301389,263.044167,55.184167
Dra,262.608333,52.301389,269.151667,51.488889
Dra,263.044167,55.184167,268.382083,56.872778
Dra,268.382083,56.872778,269.151667,51.488889
Dra,268.382083,56.872778,288.13875,67.661667
Dra,275.189583,71.337778,275.264167,72.732778
Dra,275.189583,71.337778,288.13875,67.661667
Dra,288.13875,67.661667,297.043333,70.267778
Equ,317.585417,10.131667,318.620417,10.006944
Equ,318.620417,10.006944,318.955833,5.247778
Eri,24.42875,-57.236667,28.989583,-51.608889
Eri,28.989583,-51.608889,36.74625,-47.703889
Eri,36.74625,-47.703889,39.95,-42.891667
Eri,39.95,-42.891667,40.166667,-39.855556
Eri,40.166667,-39.855556,44.567917,-40.304444
Eri,41.030833,-13.858611,41.275833,-18.5725
Eri,41.030833,-13.858611,44.107083,-8.898056
Eri,41.275833,-18.5725,45.597917,-23.624444
Eri,44.107083,-8.898056,53.2325,-9.458333
Eri,44.567917,-40.304444,49.982083,-43.069722
Eri,45.597917,-23.624444,49.879167,-21.757778
Eri,49.879167,-21.757778,53.447083,-21.632778
Eri,49.982083,-43.069722,54.27375,-40.274722
Eri,53.2325,-9.458333,55.812083,-9.763333
Eri,53.447083,-21.632778,56.712083,-23.249722
Eri,54.27375,-40.274722,57.36375,-36.200278
Eri,55.812083,-9.763333,56.535417,-12.101667
Eri,56.535417,-12.101667,59.5075,-13.508611
Eri,56.712083,-23.249722,58.4275,-24.6125
Eri,57.36375,-36.200278,64.47375,-33.798333
Eri,58.4275,-24.6125,59.98125,-24.016389
Eri,59.5075,-13.508611,62.96625,-6.8375
Eri,59.98125,-24.016389,68.3775,-29.766667
Eri,62.96625,-6.8375,69.079583,-3.3525
Eri,64.47375,-33.798333,66.009167,-34.016944
Eri,66.009167,-34.016944,68.8875,-30.562222
Eri,68.3775,-29.766667,68.8875,-30.562222
Eri,69.079583,-3.3525,71.375417,-3.254722
Eri,71.375417,-3.254722,76.9625,-5.086389
For,31.1225,-29.296944,42.2725,-32.405833
For,42.2725,-32.405833,48.017917,-28.986944
Gem,91.03,23.263333,93.719167,22.506667
Gem,93.719167,22.506667,95.74,22.513611
Gem,95.74,22.513611,100.982917,25.131111
Gem,97.240833,20.212222,100.982917,25.131111
Gem,99.427917,16.399167,106.027083,20.570278
Gem,100.982917,25.131111,107.785,30.245278
Gem,101.3225,12.895556,109.523333,16.540278
Gem,103.197083,33.961111,107.785,30.245278
Gem,106.027083,20.570278,110.030833,21.982222
Gem,107.785,30.245278,111.431667,27.798056
Gem,107.785,30.245278,112.277917,31.784444
Gem,109.523333,16.540278,110.030833,21.982222
Gem,110.030833,21.982222,113.980417,26.895833
Gem,111.431667,27.798056,113.980417,26.895833
Gem,112.277917,31.784444,113.65,31.888611
Gem,113.980417,26.895833,116.111667,24.398056
Gem,113.980417,26.895833,116.32875,28.026111
Gru,328.482083,-37.365,331.52875,-39.543333
Gru,331.52875,-39.543333,333.90375,-41.346667
Gru,332.058333,-46.961111,337.3175,-43.495556
Gru,332.058333,-46.961111,340.667083,-46.884722
Gru,333.90375,-41.346667,337.3175,-43.495556
Gru,337.3175,-43.495556,340.667083,-46.884722
Gru,340.667083,-46.884722,342.13875,-51.316944
Gru,342.13875,-51.316944,345.22,-52.754167
Her,238.16875,42.451667,242.1925,44.935
Her,242.1925,44.935,244.935,46.313333
Her,244.935,46.313333,248.525833,42.436944
Her,245.48,19.153056,246.354167,14.033333
Her,245.48,19.153056,247.555,21.489722
Her,246.354167,14.033333,248.15125,11.488056
Her,247.555,21.489722,250.321667,31.603056
Her,247.555,21.489722,258.662083,14.390278
Her,248.525833,42.436944,250.724167,38.922222
Her,250.321667,31.603056,250.724167,38.922222
Her,250.321667,31.603056,255.0725,30.926389
Her,250.724167,38.922222,258.761667,36.809167
Her,255.0725,30.926389,258.757917,24.839167
Her,255.0725,30.926389,258.761667,36.809167
Her,258.662083,14.390278,258.757917,24.839167
Her,258.757917,24.839167,266.614583,27.720556
Her,258.761667,36.809167,269.063333,37.250556
Her,264.86625,46.006389,269.063333,37.250556
Her,266.614583,27.720556,269.44125,29.247778
Her,269.44125,29.247778,271.885833,28.7625
Hor,39.351667,-52.543056,40.165,-54.55
Hor,39.351667,-52.543056,40.639583,-50.800278
Hor,40.165,-54.55,45.903333,-59.737778
Hor,40.639583,-50.800278,43.470417,-49.890278
Hor,43.470417,-49.890278,63.500417,-42.294444
Hor,44.699167,-64.071389,45.903333,-59.737778
Hor,62.710833,-41.993611,63.500417,-42.294444
Hya,129.414167,5.703611,129.689167,3.341389
Hya,129.414167,5.703611,131.694167,6.418889
Hya,129.689167,3.341389,130.80625,3.398611
Hya,130.80625,3.398611,132.108333,5.837778
Hya,131.694167,6.418889,132.108333,5.837778
Hya,131.694167,6.418889,133.848333,5.945556
Hya,133.848333,5.945556,138.59125,2.314167
Hya,138.59125,2.314167,144.964167,-1.142778
Hya,141.896667,-8.658611,144.964167,-1.142778
Hya,141.896667,-8.658611,147.869583,-14.846667
Hya,147.869583,-14.846667,152.647083,-12.354167
Hya,152.647083,-12.354167,156.5225,-16.836389
Hya,156.5225,-16.836389,162.40625,-16.193611
Hya,162.40625,-16.193611,173.250417,-31.857778
Hya,173.250417,-31.857778,178.2275,-33.908056
Hya,178.2275,-33.908056,199.730417,-23.171667
Hya,199.730417,-23.171667,211.592917,-26.6825
Hya,211.592917,-26.6825,222.572083,-27.960278
Hyi,6.437917,-77.254167,29.6925,-61.569722
Hyi,6.437917,-77.254167,56.809583,-74.238889
Hyi,29.6925,-61.569722,56.809583,-74.238889
Ind,309.391667,-47.291389,311.009583,-51.921111
Ind,309.391667,-47.291389,319.966667,-53.449722
Ind,311.009583,-51.921111,313.7025,-58.454167
Ind,313.7025,-58.454167,329.479583,-54.9925
Ind,319.966667,-53.449722,329.479583,-54.9925
LMi,143.37625,36.486944,151.8575,35.244722
LMi,151.8575,35.244722,156.47875,33.796111
LMi,151.8575,35.244722,156.970833,36.707222
LMi,156.47875,33.796111,163.327917,34.215
LMi,156.970833,36.707222,163.327917,34.215
Lac,333.469583,39.715,333.9925,37.748889
Lac,333.469583,39.715,337.622083,43.123333
Lac,335.256667,46.536667,337.3825,47.706944
Lac,335.256667,46.536667,337.622083,43.123333
Lac,335.89,52.229167,336.129167,49.476389
Lac,335.89,52.229167,337.822917,50.2825
Lac,336.129167,49.476389,337.3825,47.706944
Lac,337.3825,47.706944,337.822917,50.2825
Lac,337.3825,47.706944,340.12875,44.276389
Lac,337.622083,43.123333,340.12875,44.276389
Leo,141.16375,26.182222,142.93,22.968056
Leo,141.16375,26.182222,148.190833,26.006944
Leo,142.93,22.968056,146.462917,23.774167
Leo,146.462917,23.774167,148.190833,26.006944
Leo,146.462917,23.774167,151.833333,16.762778
Leo,148.190833,26.006944,154.1725,23.417222
Leo,151.833333,16.762778,152.092917,11.967222
Leo,151.833333,16.762778,154.992917,19.841667
Leo,151.833333,16.762778,168.56,15.429444
Leo,154.1725,23.417222,154.992917,19.841667
Leo,154.992917,19.841667,168.527083,20.523611
Leo,168.527083,20.523611,168.56,15.429444
Leo,168.527083,20.523611,177.265,14.571944
Leo,168.56,15.429444,170.98125,10.529167
Leo,168.56,15.429444,177.265,14.571944
Leo,170.284167,6.029444,170.98125,10.529167
Lep,76.365417,-22.371111,78.232917,-16.205556
Lep,76.365417,-22.371111,82.06125,-20.759444
Lep,78.232917,-16.205556,78.307917,-12.941389
Lep,78.232917,-16.205556,79.89375,-13.176667
Lep,78.232917,-16.205556,83.1825,-17.822222
Lep,82.06125,-20.759444,83.1825,-17.822222
Lep,82.06125,-20.759444,86.115833,-22.448333
Lep,83.1825,-17.822222,86.73875,-14.821944
Lep,86.115833,-22.448333,87.830417,-20.879167
Lep,86.73875,-14.821944,89.10125,-14.167778
Lep,87.830417,-20.879167,91.53875,-14.935278
Lep,89.10125,-14.167778,91.53875,-14.935278
Lib,222.671667,-15.997222,226.0175,-25.281944
Lib,222.671667,-15.997222,229.251667,-9.383056
Lib,222.671667,-15.997222,233.881667,-14.789444
Lib,229.251667,-9.383056,233.881667,-14.789444
Lib,233.881667,-14.789444,234.25625,-28.135
Lib,234.25625,-28.135,234.664167,-29.777778
Lup,220.4825,-47.388333,228.07125,-52.099167
Lup,224.632917,-43.133889,230.342917,-40.6475
Lup,228.07125,-52.099167,229.633333,-47.875
Lup,228.07125,-52.099167,240.030417,-38.396944
Lup,229.633333,-47.875,230.670417,-44.689444
Lup,230.342917,-40.6475,233.785417,-41.166944
Lup,230.451667,-36.261389,237.739583,-33.627222
Lup,230.451667,-36.261389,240.030417,-38.396944
Lup,230.670417,-44.689444,233.785417,-41.166944
Lup,233.785417,-41.166944,240.030417,-38.396944
Lup,237.739583,-33.627222,240.030417,-38.396944
Lyn,94.905833,59.010833,104.31875,58.4225
Lyn,104.31875,58.4225,111.678333,49.211389
Lyn,111.678333,49.211389,125.70875,43.188056
Lyn,125.70875,43.188056,135.16,41.782778
Lyn,135.16,41.782778,136.6325,38.452222
Lyn,136.6325,38.452222,139.71125,36.8025
Lyn,139.71125,36.8025,140.26375,34.3925
Lyr,279.234583,38.783611,281.193333,37.605
Lyr,281.193333,37.605,282.52,33.362778
Lyr,281.193333,37.605,283.625833,36.898889
Lyr,282.52,33.362778,284.735833,32.689444
Lyr,283.625833,36.898889,284.735833,32.689444
Men,73.796667,-74.936944,75.679167,-71.314444
Men,73.796667,-74.936944,82.970417,-76.341111
Men,82.970417,-76.341111,92.56,-74.753056
Mic,312.121667,-43.988611,312.492083,-33.779722
Mic,312.121667,-43.988611,320.19,-40.809722
Mic,312.492083,-33.779722,315.322917,-32.257778
Mic,315.322917,-32.257778,319.484583,-32.1725
Mic,319.484583,-32.1725,320.19,-40.809722
Mon,93.71375,-6.274722,97.204167,-7.032778
Mon,95.942083,4.592778,98.225833,7.333056
Mon,95.942083,4.592778,101.965,2.412222
Mon,97.204167,-7.032778,107.96625,-0.492778
Mon,98.225833,7.333056,100.244583,9.895556
Mon,98.225833,7.333056,101.965,2.412222
Mon,101.965,2.412222,107.96625,-0.492778
Mon,107.96625,-0.492778,122.148333,-2.983889
Mon,115.311667,-9.551111,122.148333,-2.983889
Mus,176.401667,-66.728611,184.392083,-67.960833
Mus,184.392083,-67.960833,189.295833,-69.135556
Mus,188.116667,-72.133056,189.295833,-69.135556
Mus,188.116667,-72.133056,195.5675,-71.548889
Mus,189.295833,-69.135556,191.570417,-68.108056
Mus,191.570417,-68.108056,195.5675,-71.548889
Nor,240.80375,-49.229722,241.6225,-45.173333
Nor,240.80375,-49.229722,244.96,-50.155556
Nor,241.6225,-45.173333,246.79625,-47.555
Nor,244.96,-50.155556,246.79625,-47.555
Oct,216.72875,-83.667778,325.36875,-77.39
Oct,216.72875,-83.667778,341.51375,-81.381667
Oct,325.36875,-77.39,341.51375,-81.381667
Oph,243.58625,-3.694444,244.580417,-4.6925
Oph,243.58625,-3.694444,247.728333,1.983889
Oph,244.580417,-4.6925,246.950417,-8.371667
Oph,245.159167,-24.169444,246.025833,-20.0375
Oph,246.025833,-20.0375,246.755833,-18.456389
Oph,246.755833,-18.456389,247.784583,-16.612778
Oph,246.950417,-8.371667,249.289583,-10.567222
Oph,247.784583,-16.612778,249.289583,-10.567222
Oph,247.728333,1.983889,254.417083,9.375
Oph,249.289583,-10.567222,254.417083,9.375
Oph,249.289583,-10.567222,257.594583,-15.724722
Oph,254.417083,9.375,263.73375,12.56
Oph,257.594583,-15.724722,260.5025,-24.999444
Oph,257.594583,-15.724722,264.396667,-15.398611
Oph,257.594583,-15.724722,265.868333,4.567222
Oph,260.5025,-24.999444,261.83875,-29.866944
Oph,263.73375,12.56,265.868333,4.567222
Oph,264.396667,-15.398611,269.756667,-9.773611
Oph,265.868333,4.567222,266.973333,2.707222
Oph,266.973333,2.707222,269.756667,-9.773611
Oph,269.756667,-9.773611,275.3275,-2.898889
Oph,275.3275,-2.898889,284.055,4.203611
Ori,72.46,6.961389,72.652917,8.900278
Ori,72.46,6.961389,72.801667,5.605
Ori,72.46,6.961389,81.282917,6.349722
Ori,72.652917,8.900278,73.724167,10.150833
Ori,72.801667,5.605,73.562917,2.440556
Ori,73.562917,2.440556,74.637083,1.714167
Ori,73.724167,10.150833,74.092917,13.514444
Ori,74.092917,13.514444,76.142083,15.404167
Ori,76.142083,15.404167,77.425,15.597222
Ori,78.634583,-8.201667,81.119167,-2.396944
Ori,81.119167,-2.396944,83.001667,-0.299167
Ori,81.282917,6.349722,83.001667,-0.299167
Ori,81.282917,6.349722,83.784583,9.934167
Ori,81.282917,6.349722,88.792917,7.406944
Ori,83.001667,-0.299167,84.053333,-1.201944
Ori,83.784583,9.934167,88.792917,7.406944
Ori,84.053333,-1.201944,85.189583,-1.942778
Ori,85.189583,-1.942778,86.939167,-9.669722
Ori,85.189583,-1.942778,88.792917,7.406944
Ori,88.595417,20.276111,90.98,20.138333
Ori,88.595417,20.276111,91.892917,14.768333
Ori,88.792917,7.406944,90.595833,9.6475
Ori,90.595833,9.6475,92.985,14.208889
Ori,90.98,20.138333,92.985,14.208889
Ori,91.892917,14.768333,92.985,14.208889
Pav,266.433333,-64.723889,272.145,-63.668333
Pav,272.145,-63.668333,275.806667,-61.493889
Pav,272.145,-63.668333,284.2375,-67.233611
Pav,275.806667,-61.493889,283.054167,-62.1875
Pav,280.75875,-71.428056,302.181667,-66.181944
Pav,283.054167,-62.1875,302.181667,-66.181944
Pav,284.2375,-67.233611,302.181667,-66.181944
Pav,300.147917,-72.910556,302.181667,-66.181944
Pav,302.181667,-66.181944,306.412083,-56.735
Pav,302.181667,-66.181944,311.239583,-66.203056
Pav,306.412083,-56.735,321.610833,-65.366111
Pav,311.239583,-66.203056,321.610833,-65.366111
Peg,2.097083,29.090556,3.309167,15.183611
Peg,2.097083,29.090556,345.94375,28.082778
Peg,3.309167,15.183611,346.190417,15.205278
Peg,326.046667,9.875,332.55,6.197778
Peg,326.16125,25.645,331.752917,25.345
Peg,331.752917,25.345,341.632917,23.565556
Peg,332.55,6.197778,340.365417,10.831389
Peg,332.496667,33.178333,340.750417,30.221389
Peg,340.365417,10.831389,346.190417,15.205278
Peg,340.750417,30.221389,345.94375,28.082778
Peg,341.632917,23.565556,342.500833,24.601667
Peg,342.500833,24.601667,345.94375,28.082778
Peg,345.94375,28.082778,346.190417,15.205278
Per,25.915,50.688611,41.05,49.228333
Per,41.05,49.228333,47.266667,49.613333
Per,42.674167,55.895556,43.564583,52.7625
Per,42.674167,55.895556,46.199167,53.506389
Per,43.564583,52.7625,46.199167,53.506389
Per,43.564583,52.7625,47.266667,49.613333
Per,46.199167,53.506389,51.080833,49.861111
Per,46.294167,38.840278,47.042083,40.955556
Per,47.042083,40.955556,47.374167,44.857222
Per,47.042083,40.955556,59.463333,40.010278
Per,47.266667,49.613333,47.374167,44.857222
Per,47.266667,49.613333,51.080833,49.861111
Per,51.080833,49.861111,55.73125,47.7875
Per,55.73125,47.7875,59.463333,40.010278
Per,55.73125,47.7875,62.165417,47.7125
Per,56.079583,32.288333,58.532917,31.883611
Per,58.532917,31.883611,59.74125,35.791111
Per,59.463333,40.010278,59.74125,35.791111
Per,61.645833,50.351389,64.560833,50.295556
Per,62.165417,47.7125,63.724583,48.409444
Per,63.724583,48.409444,64.560833,50.295556
Phe,2.352917,-45.7475,6.570833,-42.306111
Phe,2.352917,-45.7475,16.520833,-46.718611
Phe,6.570833,-42.306111,16.520833,-46.718611
Phe,16.520833,-46.718611,17.09625,-55.245833
Phe,16.520833,-46.718611,22.09125,-43.318333
Phe,17.09625,-55.245833,22.812917,-49.072778
Phe,22.09125,-43.318333,22.812917,-49.072778
Pic,86.82125,-51.066389,87.457083,-56.166667
Pic,87.457083,-56.166667,102.0475,-61.941389
PsA,326.236667,-33.025833,326.934167,-30.898333
PsA,326.236667,-33.025833,332.095833,-32.988611
PsA,326.934167,-30.898333,332.095833,-32.988611
PsA,332.095833,-32.988611,337.87625,-32.346111
PsA,332.095833,-32.988611,340.164167,-27.043611
PsA,337.87625,-32.346111,343.131667,-32.875556
PsA,340.164167,-27.043611,344.412917,-29.622222
PsA,343.131667,-32.875556,343.987083,-32.539722
PsA,343.987083,-32.539722,344.412917,-29.622222
Psc,12.170833,7.585,15.735833,7.89
Psc,12.170833,7.585,359.827917,6.863333
Psc,15.735833,7.89,25.357917,5.4875
Psc,17.915,30.089722,18.437083,24.583611
Psc,17.915,30.089722,19.866667,27.264167
Psc,18.437083,24.583611,19.866667,27.264167
Psc,18.437083,24.583611,22.870833,15.345833
Psc,22.870833,15.345833,26.348333,9.157778
Psc,25.357917,5.4875,30.511667,2.763611
Psc,26.348333,9.157778,30.511667,2.763611
Psc,349.29125,3.282222,351.733333,1.255556
Psc,349.29125,3.282222,351.992083,6.378889
Psc,351.733333,1.255556,355.511667,1.78
Psc,351.992083,6.378889,354.9875,5.626389
Psc,354.9875,5.626389,355.511667,1.78
Psc,354.9875,5.626389,359.827917,6.863333
Pup,95.987917,-52.695833,99.440417,-43.196111
Pup,99.440417,-43.196111,109.285833,-37.0975
Pup,109.285833,-37.0975,113.845,-28.369444
Pup,113.845,-28.369444,114.705417,-26.801667
Pup,113.845,-28.369444,115.952083,-28.954722
Pup,114.705417,-26.801667,117.32375,-24.859722
Pup,115.952083,-28.954722,117.021667,-25.937222
Pup,117.021667,-25.937222,117.32375,-24.859722
Pup,117.32375,-24.859722,121.885833,-24.304167
Pup,120.89625,-40.003333,121.885833,-24.304167
Pup,120.89625,-40.003333,130.025833,-35.308333
Pyx,130.025833,-35.308333,130.897917,-33.186389
Pyx,130.897917,-33.186389,132.632917,-27.71
Ret,56.05,-64.806944,59.68625,-61.400278
Ret,56.05,-64.806944,63.60625,-62.473889
Ret,59.68625,-61.400278,64.120417,-59.301944
Ret,63.60625,-62.473889,64.120417,-59.301944
Scl,14.651667,-29.3575,357.231667,-28.130278
Scl,349.705833,-32.531944,353.242917,-37.818333
Scl,349.705833,-32.531944,357.231667,-28.130278
Sco,239.22125,-29.214167,239.712917,-26.114167
Sco,239.712917,-26.114167,240.083333,-22.621667
Sco,240.083333,-22.621667,241.359167,-19.805556
Sco,240.083333,-22.621667,245.297083,-25.592778
Sco,241.359167,-19.805556,242.99875,-19.460556
Sco,245.297083,-25.592778,247.351667,-26.431944
Sco,247.351667,-26.431944,248.970833,-28.216111
Sco,248.970833,-28.216111,252.540833,-34.293333
Sco,252.540833,-34.293333,252.9675,-38.0475
Sco,252.9675,-38.0475,253.645833,-42.361389
Sco,253.645833,-42.361389,258.038333,-43.239167
Sco,258.038333,-43.239167,264.33,-42.997778
Sco,262.690833,-37.295833,263.402083,-37.103889
Sco,262.690833,-37.295833,265.622083,-39.03
Sco,263.402083,-37.103889,267.464583,-37.043333
Sco,264.33,-42.997778,266.89625,-40.126944
Sco,265.622083,-39.03,266.89625,-40.126944
Sct,277.299583,-14.565833,278.801667,-8.244167
Sct,277.299583,-14.565833,280.568333,-9.0525
Sct,278.801667,-8.244167,281.79375,-4.747778
Sct,280.568333,-9.0525,281.79375,-4.747778
Ser,234.123333,10.01,236.067083,6.425556
Ser,234.123333,10.01,236.547083,15.421944
Ser,235.387917,19.670278,236.547083,15.421944
Ser,235.387917,19.670278,237.185,18.141667
Ser,236.067083,6.425556,237.704167,4.477778
Ser,236.547083,15.421944,239.113333,15.661667
Ser,237.185,18.141667,239.113333,15.661667
Ser,237.405,-3.430278,237.704167,4.477778
Ser,237.405,-3.430278,242.460417,-3.466944
Sex,148.126667,-8.105,151.984583,-0.371667
Sex,151.984583,-0.371667,157.572917,-0.636944
Sex,157.369583,-2.739167,157.572917,-0.636944
Sge,295.024167,18.013889,296.847083,18.534167
Sge,295.262083,17.476111,296.847083,18.534167
Sge,296.847083,18.534167,299.689167,19.492222
Sgr,271.452083,-30.424167,275.24875,-29.828056
Sgr,271.452083,-30.424167,276.042917,-34.384722
Sgr,273.440833,-21.058889,276.9925,-25.421667
Sgr,274.406667,-36.761667,276.042917,-34.384722
Sgr,275.24875,-29.828056,276.042917,-34.384722
Sgr,275.24875,-29.828056,276.9925,-25.421667
Sgr,275.24875,-29.828056,281.414167,-26.990833
Sgr,276.042917,-34.384722,285.652917,-29.880278
Sgr,276.9925,-25.421667,281.414167,-26.990833
Sgr,281.414167,-26.990833,283.81625,-26.296667
Sgr,281.414167,-26.990833,285.652917,-29.880278
Sgr,283.81625,-26.296667,286.735,-27.670556
Sgr,284.4325,-21.106667,286.170833,-21.741667
Sgr,284.4325,-21.106667,287.440833,-21.023611
Sgr,285.652917,-29.880278,286.735,-27.670556
Sgr,286.170833,-21.741667,287.440833,-21.023611
Sgr,287.440833,-21.023611,290.418333,-17.847222
Tau,51.203333,9.028889,51.7925,9.732778
Tau,51.203333,9.028889,54.218333,0.401667
Tau,51.7925,9.732778,60.17,12.490278
Tau,51.7925,9.732778,60.789167,5.989167
Tau,60.17,12.490278,64.948333,15.6275
Tau,64.948333,15.6275,65.73375,17.5425
Tau,64.948333,15.6275,68.98,16.509167
Tau,65.73375,17.5425,67.154167,19.180278
Tau,67.154167,19.180278,81.572917,28.6075
Tau,68.98,16.509167,84.41125,21.1425
Tel,272.8075,-45.954444,276.743333,-45.968333
Tel,276.743333,-45.968333,277.207917,-49.070833
TrA,229.7275,-68.679444,234.18,-66.316944
TrA,229.7275,-68.679444,252.16625,-69.027778
TrA,234.18,-66.316944,238.785417,-63.430556
TrA,238.785417,-63.430556,252.16625,-69.027778
Tri,28.270417,29.578889,32.385833,34.987222
Tri,28.270417,29.578889,34.32875,33.847222
Tri,32.385833,34.987222,34.32875,33.847222
Tuc,5.017917,-64.874722,7.88625,-62.958056
Tuc,5.017917,-64.874722,359.979167,-65.577222
Tuc,7.88625,-62.958056,349.3575,-58.235833
Tuc,334.625417,-60.259722,336.833333,-64.966389
Tuc,334.625417,-60.259722,349.3575,-58.235833
Tuc,336.833333,-64.966389,359.979167,-65.577222
UMa,127.56625,60.718056,142.882083,63.061944
UMa,127.56625,60.718056,147.7475,59.038611
UMa,134.801667,48.041667,135.90625,47.156667
UMa,135.90625,47.156667,143.214167,51.677222
UMa,142.882083,63.061944,147.7475,59.038611
UMa,142.882083,63.061944,165.932083,61.750833
UMa,143.214167,51.677222,147.7475,59.038611
UMa,147.7475,59.038611,165.460417,56.3825
UMa,154.274167,42.914444,155.582083,41.499444
UMa,155.582083,41.499444,167.415833,44.498611
UMa,165.460417,56.3825,165.932083,61.750833
UMa,165.460417,56.3825,178.4575,53.694722
UMa,165.932083,61.750833,183.856667,57.0325
UMa,167.415833,44.498611,176.5125,47.779444
UMa,169.545833,31.529167,169.619583,33.094167
UMa,169.619583,33.094167,176.5125,47.779444
UMa,176.5125,47.779444,178.4575,53.694722
UMa,178.4575,53.694722,183.856667,57.0325
UMa,183.856667,57.0325,193.507083,55.959722
UMa,193.507083,55.959722,200.98125,54.925278
UMa,200.98125,54.925278,206.885,49.313333
UMi,37.952917,89.264167,263.05375,86.586389
UMi,222.67625,74.155556,230.182083,71.833889
UMi,222.67625,74.155556,236.014583,77.794444
UMi,230.182083,71.833889,244.37625,75.755278
UMi,236.014583,77.794444,244.37625,75.755278
UMi,236.014583,77.794444,251.492083,82.037222
UMi,251.492083,82.037222,263.05375,86.586389
Vel,120.89625,-40.003333,122.372083,-47.345833
Vel,122.372083,-47.345833,129.41125,-42.989167
Vel,122.372083,-47.345833,131.175833,-54.708333
Vel,129.41125,-42.989167,131.1,-42.649167
Vel,131.1,-42.649167,136.999167,-43.4325
Vel,131.175833,-54.708333,140.528333,-55.010833
Vel,136.999167,-43.4325,142.675,-40.466667
Vel,140.528333,-55.010833,149.215833,-54.567778
Vel,142.675,-40.466667,153.684167,-42.121944
Vel,149.215833,-54.567778,161.6925,-49.42
Vel,153.684167,-42.121944,161.6925,-49.42
Vir,176.465,6.529444,177.67375,1.764722
Vir,176.465,6.529444,181.302083,8.733056
Vir,177.67375,1.764722,184.976667,-0.666944
Vir,181.302083,8.733056,184.976667,-0.666944
Vir,184.976667,-0.666944,190.415,-1.449444
Vir,190.415,-1.449444,193.900833,3.3975
Vir,190.415,-1.449444,197.4875,-5.538889
Vir,190.415,-1.449444,203.673333,-0.595833
Vir,193.900833,3.3975,195.544167,10.959167
Vir,197.4875,-5.538889,201.298333,-11.161389
Vir,203.673333,-0.595833,210.411667,1.544444
Vir,203.673333,-0.595833,214.00375,-6.000556
Vir,210.411667,1.544444,221.562083,1.892778
Vir,214.00375,-6.000556,220.765,-5.658333
Vol,107.187083,-70.498889,109.2075,-67.957222
Vol,107.187083,-70.498889,121.9825,-68.617222
Vol,109.2075,-67.957222,121.9825,-68.617222
Vol,121.9825,-68.617222,126.434167,-66.136944
Vol,121.9825,-68.617222,135.611667,-66.396111
Vol,126.434167,-66.136944,135.611667,-66.396111
Vul,292.17625,24.665,298.365417,24.079722
